Model,Train Accuracy,Test Accuracy,Train Precision,Test Precision,Train Recall,Test Recall,Train F1,Test F1,CV Accuracy (mean ± std),CV F1 (mean ± std),ROC-AUC
logistic_regression,0.8898616854413233,0.8867914716588664,0.8920643570035562,0.4295754026354319,0.8870526165692286,0.8649764150943396,0.8895514277951754,0.5740559577382117,0.890 ± 0.002,0.889 ± 0.002,0.9604714748273435
random_forest,0.9698417225153286,0.9447217888715549,0.9686388849381311,0.6507860886136255,0.9711250534721232,0.8054245283018868,0.9698803759612646,0.7198945981554677,0.961 ± 0.001,0.961 ± 0.001,0.9718325555094037
xgboost,0.9780835591045202,0.9684347373894956,0.9948636202621325,0.9090909090909091,0.9611293312419792,0.7134433962264151,0.9777055743316749,0.7994714238519987,0.977 ± 0.001,0.976 ± 0.001,0.9760586776419291
lightgbm,0.9808641095109083,0.9545501820072803,0.9860762777825823,0.7617834394904459,0.9755026379580779,0.7051886792452831,0.9807609599449494,0.7323943661971831,0.972 ± 0.005,0.972 ± 0.005,0.9585709220468696
catboost,0.9746256951376016,0.9672906916276651,0.9915528317211844,0.8897005113221329,0.957407671467275,0.7181603773584906,0.9741811454894991,0.7947797716150081,0.974 ± 0.001,0.974 ± 0.001,0.9745752389965803
